{
	"name": "betternpcsheet5e",
	"title": "Better NPC Sheet 5e",
	"description": "This module will replace the default 5e NPC sheet with an improved version. No change to the underlying data is made.",
	"version": "0.4.2",
	"author": "Felix aka syl3r86",
	"systems": ["dnd5e"],
	"scripts": ["./betternpcsheet.js"],
	"styles": ["/css/betternpcsheet.css", "/css/rpg-awesome.min.css"],
	"packs": [],
    "url": "https://github.com/syl3r86/BetterNPCSheet5e",
    "manifest": "https://raw.githubusercontent.com/syl3r86/BetterNPCSheet5e/master/betternpcsheet5e/module.json",
    "download": "https://github.com/syl3r86/BetterNPCSheet5e/raw/master/betternpcsheet5e.zip"
}